"qseqid","sseqid","pident","length","mismatch","gapopen","qstart","qend","sstart","send","evalue","bitscore"
"XM_006932746.5","XM_006932746.5",100,6097,0,0,1,6097,1,6097,0,11260
"XM_006932746.5","XM_014733468.3",94.061,6095,356,5,1,6093,115,6205,0,9245
"XM_006932746.5","NM_001113711.1",95.368,5808,269,0,171,5978,1,5808,0,9236
"XM_006932746.5","NM_213855.2",94.018,6035,353,6,62,6093,1,6030,0,9138
"XM_006932746.5","XM_007449562.1",93.831,5949,366,1,145,6093,16,5963,0,8951
"XM_006932746.5","NM_174727.1",93.81,5929,362,4,166,6093,4,5928,0,8911
"XM_006932746.5","XM_016925890.4",93.241,6036,397,8,64,6095,9,6037,0,8876
"XM_006932746.5","NM_000257.4",93.153,6032,402,8,68,6095,1,6025,0,8841
"XM_006932746.5","XM_064292317.1",92.466,5933,437,4,167,6092,12,5941,0,8471
"XM_006932746.5","NM_017240.2",92.195,5817,452,2,163,5978,1,5816,0,8226
"XM_006932746.5","NM_080728.3",91.859,5859,470,7,129,5983,100,5955,0,8170
